foto_mes,column,target_nulls,preprocessed_nulls,null_change,target_null_pct,preprocessed_null_pct,target_zeros,preprocessed_zeros,zero_change,target_zero_pct,preprocessed_zero_pct
201905,active_quarter,0,0,0,0.0,0.0,1606,1606,0,1.2625587647992955,1.2625587647992955
201905,cliente_vip,0,0,0,0.0,0.0,126329,126329,0,99.31369003632018,99.31369003632018
201905,internet,0,0,0,0.0,0.0,12310,12310,0,9.677520793698212,9.677520793698212
201905,cliente_edad,0,0,0,0.0,0.0,0,0,0,0.0,0.0
201905,cliente_antiguedad,0,0,0,0.0,0.0,0,0,0,0.0,0.0
201905,mrentabilidad,0,0,0,0.0,0.0,127202,127202,0,100.0,100.0
201905,mrentabilidad_annual,0,0,0,0.0,0.0,127202,127202,0,100.0,100.0
201905,mcomisiones,0,0,0,0.0,0.0,127202,127202,0,100.0,100.0
201905,mactivos_margen,0,0,0,0.0,0.0,127202,127202,0,100.0,100.0
201905,mpasivos_margen,0,0,0,0.0,0.0,127202,127202,0,100.0,100.0
201905,cproductos,0,0,0,0.0,0.0,0,0,0,0.0,0.0
201905,tcuentas,0,0,0,0.0,0.0,0,0,0,0.0,0.0
201905,ccuenta_corriente,0,0,0,0.0,0.0,0,0,0,0.0,0.0
201905,mcuenta_corriente_adicional,0,0,0,0.0,0.0,127124,127124,0,99.93868020943067,99.93868020943067
201905,mcuenta_corriente,0,0,0,0.0,0.0,54815,54815,0,43.0928758981777,43.0928758981777
201905,ccaja_ahorro,0,0,0,0.0,0.0,0,0,0,0.0,0.0
201905,mcaja_ahorro,0,0,0,0.0,0.0,8717,8717,0,6.852879671703275,6.852879671703275
201905,mcaja_ahorro_adicional,0,0,0,0.0,0.0,124556,124556,0,97.91984402760963,97.91984402760963
201905,mcaja_ahorro_dolares,0,0,0,0.0,0.0,56785,56785,0,44.64159368563387,44.64159368563387
201905,cdescubierto_preacordado,0,0,0,0.0,0.0,4745,4745,0,3.7302872596342826,3.7302872596342826
201905,mcuentas_saldo,0,0,0,0.0,0.0,802,802,0,0.6304932312385025,0.6304932312385025
201905,ctarjeta_debito,0,0,0,0.0,0.0,59,59,0,0.046382918507570634,0.046382918507570634
201905,ctarjeta_debito_transacciones,0,0,0,0.0,0.0,45081,45081,0,35.44048049558969,35.44048049558969
201905,mautoservicio,0,0,0,0.0,0.0,45081,45081,0,35.44048049558969,35.44048049558969
201905,ctarjeta_visa,0,0,0,0.0,0.0,5392,5392,0,4.238927060895269,4.238927060895269
201905,ctarjeta_visa_transacciones,0,0,0,0.0,0.0,18761,18761,0,14.748981934246316,14.748981934246316
201905,mtarjeta_visa_consumo,0,0,0,0.0,0.0,18761,18761,0,14.748981934246316,14.748981934246316
201905,ctarjeta_master,0,0,0,0.0,0.0,16818,16818,0,13.221490228141066,13.221490228141066
201905,ctarjeta_master_transacciones,0,0,0,0.0,0.0,78423,78423,0,61.65233251049512,61.65233251049512
201905,mtarjeta_master_consumo,0,0,0,0.0,0.0,78423,78423,0,61.65233251049512,61.65233251049512
201905,cprestamos_prendarios,0,0,0,0.0,0.0,125247,125247,0,98.46307447996101,98.46307447996101
201905,mprestamos_prendarios,0,0,0,0.0,0.0,125245,125245,0,98.46150217763872,98.46150217763872
201905,cprestamos_hipotecarios,0,0,0,0.0,0.0,125347,125347,0,98.54168959607553,98.54168959607553
201905,mprestamos_hipotecarios,0,0,0,0.0,0.0,125347,125347,0,98.54168959607553,98.54168959607553
201905,cplazo_fijo,0,0,0,0.0,0.0,112467,112467,0,88.41606264052452,88.41606264052452
201905,mplazo_fijo_dolares,0,0,0,0.0,0.0,112836,112836,0,88.70615241898712,88.70615241898712
201905,mplazo_fijo_pesos,0,0,0,0.0,0.0,126435,126435,0,99.39702205940158,99.39702205940158
201905,cinversion1,0,0,0,0.0,0.0,121643,121643,0,95.62978569519348,95.62978569519348
201905,minversion1_pesos,0,0,0,0.0,0.0,122321,122321,0,96.16279618244997,96.16279618244997
201905,minversion1_dolares,0,0,0,0.0,0.0,125897,125897,0,98.97407273470543,98.97407273470543
201905,cinversion2,0,0,0,0.0,0.0,121860,121860,0,95.800380497162,95.800380497162
201905,minversion2,0,0,0,0.0,0.0,121861,121861,0,95.80116664832315,95.80116664832315
201905,cseguro_vida,0,0,0,0.0,0.0,100512,100512,0,79.01762550903288,79.01762550903288
201905,cseguro_auto,0,0,0,0.0,0.0,124591,124591,0,97.94735931824971,97.94735931824971
201905,cseguro_vivienda,0,0,0,0.0,0.0,110086,110086,0,86.54423672583765,86.54423672583765
201905,cseguro_accidentes_personales,0,0,0,0.0,0.0,103246,103246,0,81.16696278360403,81.16696278360403
201905,ccaja_seguridad,0,0,0,0.0,0.0,117953,117953,0,92.72888791056744,92.72888791056744
201905,cpayroll_trx,0,0,0,0.0,0.0,66255,66255,0,52.08644518167954,52.08644518167954
201905,mpayroll,0,0,0,0.0,0.0,66255,66255,0,52.08644518167954,52.08644518167954
201905,mpayroll2,0,0,0,0.0,0.0,126774,126774,0,99.66352730302982,99.66352730302982
201905,cpayroll2_trx,0,0,0,0.0,0.0,126774,126774,0,99.66352730302982,99.66352730302982
201905,ccuenta_debitos_automaticos,0,0,0,0.0,0.0,65291,65291,0,51.3285954623355,51.3285954623355
201905,mcuenta_debitos_automaticos,0,0,0,0.0,0.0,65291,65291,0,51.3285954623355,51.3285954623355
201905,ctarjeta_visa_debitos_automaticos,0,0,0,0.0,0.0,42018,42018,0,33.032499489001744,33.032499489001744
201905,mttarjeta_visa_debitos_automaticos,0,0,0,0.0,0.0,42018,42018,0,33.032499489001744,33.032499489001744
201905,ctarjeta_master_debitos_automaticos,0,0,0,0.0,0.0,104070,104070,0,81.81475134038773,81.81475134038773
201905,mttarjeta_master_debitos_automaticos,0,0,0,0.0,0.0,104070,104070,0,81.81475134038773,81.81475134038773
201905,cpagodeservicios,0,0,0,0.0,0.0,101838,101838,0,80.06006194871149,80.06006194871149
201905,mpagodeservicios,0,0,0,0.0,0.0,101838,101838,0,80.06006194871149,80.06006194871149
201905,cpagomiscuentas,0,0,0,0.0,0.0,80048,80048,0,62.929828147356176,62.929828147356176
201905,mpagomiscuentas,0,0,0,0.0,0.0,80048,80048,0,62.929828147356176,62.929828147356176
201905,ccajeros_propios_descuentos,0,0,0,0.0,0.0,121475,121475,0,95.49771230012107,95.49771230012107
201905,mcajeros_propios_descuentos,0,0,0,0.0,0.0,122340,122340,0,96.17773305451172,96.17773305451172
201905,ctarjeta_visa_descuentos,0,0,0,0.0,0.0,113692,113692,0,89.37909781292747,89.37909781292747
201905,mtarjeta_visa_descuentos,2361,2361,0,1.8561028914639708,1.8561028914639708,114224,114224,0,89.79733023065675,89.79733023065675
201905,ctarjeta_master_descuentos,0,0,0,0.0,0.0,122677,122677,0,96.44266599581768,96.44266599581768
201905,mtarjeta_master_descuentos,382,382,0,0.30030974355749124,0.30030974355749124,122909,122909,0,96.62505306520337,96.62505306520337
201905,ccomisiones_mantenimiento,0,0,0,0.0,0.0,83236,83236,0,65.43607804908729,65.43607804908729
201905,mcomisiones_mantenimiento,0,0,0,0.0,0.0,83464,83464,0,65.6153205138284,65.6153205138284
201905,ccomisiones_otras,0,0,0,0.0,0.0,127202,127202,0,100.0,100.0
201905,mcomisiones_otras,0,0,0,0.0,0.0,127202,127202,0,100.0,100.0
201905,cforex,0,0,0,0.0,0.0,105453,105453,0,82.90199839625163,82.90199839625163
201905,cforex_buy,0,0,0,0.0,0.0,118243,118243,0,92.95687174729957,92.95687174729957
201905,mforex_buy,0,0,0,0.0,0.0,118243,118243,0,92.95687174729957,92.95687174729957
201905,cforex_sell,0,0,0,0.0,0.0,112555,112555,0,88.48524394270531,88.48524394270531
201905,mforex_sell,0,0,0,0.0,0.0,112555,112555,0,88.48524394270531,88.48524394270531
201905,ctransferencias_recibidas,0,0,0,0.0,0.0,127068,127068,0,99.89465574440653,99.89465574440653
201905,mtransferencias_recibidas,0,0,0,0.0,0.0,127068,127068,0,99.89465574440653,99.89465574440653
201905,ctransferencias_emitidas,0,0,0,0.0,0.0,71673,71673,0,56.34581217276458,56.34581217276458
201905,mtransferencias_emitidas,0,0,0,0.0,0.0,72747,72747,0,57.19013851983459,57.19013851983459
201905,cextraccion_autoservicio,0,0,0,0.0,0.0,57031,57031,0,44.83498687127561,44.83498687127561
201905,mextraccion_autoservicio,0,0,0,0.0,0.0,57031,57031,0,44.83498687127561,44.83498687127561
201905,ccheques_depositados,0,0,0,0.0,0.0,118505,118505,0,93.16284335151963,93.16284335151963
201905,mcheques_depositados,0,0,0,0.0,0.0,118505,118505,0,93.16284335151963,93.16284335151963
201905,ccheques_emitidos,0,0,0,0.0,0.0,121411,121411,0,95.44739862580776,95.44739862580776
201905,mcheques_emitidos,0,0,0,0.0,0.0,121411,121411,0,95.44739862580776,95.44739862580776
201905,ccheques_depositados_rechazados,0,0,0,0.0,0.0,126212,126212,0,99.22171035046618,99.22171035046618
201905,mcheques_depositados_rechazados,0,0,0,0.0,0.0,126212,126212,0,99.22171035046618,99.22171035046618
201905,ccheques_emitidos_rechazados,0,0,0,0.0,0.0,126492,126492,0,99.44183267558687,99.44183267558687
201905,mcheques_emitidos_rechazados,0,0,0,0.0,0.0,126492,126492,0,99.44183267558687,99.44183267558687
201905,tcallcenter,0,0,0,0.0,0.0,105668,105668,0,83.07102089589786,83.07102089589786
201905,ccallcenter_transacciones,0,0,0,0.0,0.0,105668,105668,0,83.07102089589786,83.07102089589786
201905,thomebanking,0,0,0,0.0,0.0,26952,26952,0,21.188346095187182,21.188346095187182
201905,chomebanking_transacciones,0,0,0,0.0,0.0,60687,60687,0,47.7091555164227,47.7091555164227
201905,ccajas_transacciones,0,0,0,0.0,0.0,92270,92270,0,72.5381676388736,72.5381676388736
201905,ccajas_consultas,0,0,0,0.0,0.0,112631,112631,0,88.54499143095234,88.54499143095234
201905,ccajas_depositos,0,0,0,0.0,0.0,111824,111824,0,87.91056744390812,87.91056744390812
201905,ccajas_extracciones,0,0,0,0.0,0.0,108684,108684,0,85.44205279791198,85.44205279791198
201905,ccajas_otras,0,0,0,0.0,0.0,119926,119926,0,94.27996415150704,94.27996415150704
201905,catm_trx,0,0,0,0.0,0.0,67329,67329,0,52.930771528749545,52.930771528749545
201905,matm,0,0,0,0.0,0.0,67329,67329,0,52.930771528749545,52.930771528749545
201905,catm_trx_other,0,0,0,0.0,0.0,89000,89000,0,69.96745334192859,69.96745334192859
201905,matm_other,0,0,0,0.0,0.0,89000,89000,0,69.96745334192859,69.96745334192859
201905,ctrx_quarter,0,0,0,0.0,0.0,961,961,0,0.7554912658605997,0.7554912658605997
201905,tmobile_app,127202,127202,0,100.0,100.0,0,0,0,0.0,0.0
201905,cmobile_app_trx,127202,127202,0,100.0,100.0,0,0,0,0.0,0.0
201905,Master_delinquency,16309,16309,0,12.821339287118127,12.821339287118127,110215,110215,0,86.64565022562539,86.64565022562539
201905,Master_status,16309,16309,0,12.821339287118127,12.821339287118127,110381,110381,0,86.7761513183755,86.7761513183755
201905,Master_mfinanciacion_limite,16309,16309,0,12.821339287118127,12.821339287118127,320,320,0,0.2515683715664848,0.2515683715664848
201905,Master_Fvencimiento,16309,16309,0,12.821339287118127,12.821339287118127,0,0,0,0.0,0.0
201905,Master_Finiciomora,126524,126524,0,99.46698951274351,99.46698951274351,0,0,0,0.0,0.0
201905,Master_msaldototal,16309,16309,0,12.821339287118127,12.821339287118127,56407,56407,0,44.34442854672096,44.34442854672096
201905,Master_msaldopesos,16309,16309,0,12.821339287118127,12.821339287118127,57135,57135,0,44.91674659203472,44.91674659203472
201905,Master_msaldodolares,16309,16309,0,12.821339287118127,12.821339287118127,104181,104181,0,81.90201411927485,81.90201411927485
201905,Master_mconsumospesos,72999,72999,0,57.3882486124432,57.3882486124432,15654,15654,0,12.306410276567979,12.306410276567979
201905,Master_mconsumosdolares,72999,72999,0,57.3882486124432,57.3882486124432,47998,47998,0,37.73368343265043,37.73368343265043
201905,Master_mlimitecompra,16309,16309,0,12.821339287118127,12.821339287118127,0,0,0,0.0,0.0
201905,Master_madelantopesos,72999,72999,0,57.3882486124432,57.3882486124432,53639,53639,0,42.16836213267087,42.16836213267087
201905,Master_madelantodolares,72999,72999,0,57.3882486124432,57.3882486124432,54186,54186,0,42.59838681781733,42.59838681781733
201905,Master_fultimo_cierre,16331,16331,0,12.838634612663324,12.838634612663324,0,0,0,0.0,0.0
201905,Master_mpagado,16309,16309,0,12.821339287118127,12.821339287118127,104888,104888,0,82.45782299020456,82.45782299020456
201905,Master_mpagospesos,72999,72999,0,57.3882486124432,57.3882486124432,4436,4436,0,3.4873665508403957,3.4873665508403957
201905,Master_mpagosdolares,72999,72999,0,57.3882486124432,57.3882486124432,49177,49177,0,38.6605556516407,38.6605556516407
201905,Master_fechaalta,16309,16309,0,12.821339287118127,12.821339287118127,0,0,0,0.0,0.0
201905,Master_mconsumototal,72999,72999,0,57.3882486124432,57.3882486124432,15654,15654,0,12.306410276567979,12.306410276567979
201905,Master_cconsumos,72999,72999,0,57.3882486124432,57.3882486124432,15654,15654,0,12.306410276567979,12.306410276567979
201905,Master_cadelantosefectivo,72999,72999,0,57.3882486124432,57.3882486124432,53639,53639,0,42.16836213267087,42.16836213267087
201905,Master_mpagominimo,16309,16309,0,12.821339287118127,12.821339287118127,64280,64280,0,50.533796638417634,50.533796638417634
201905,Visa_delinquency,4781,4781,0,3.758588701435512,3.758588701435512,121424,121424,0,95.45761859090265,95.45761859090265
201905,Visa_status,4781,4781,0,3.758588701435512,3.758588701435512,121796,121796,0,95.7500668228487,95.7500668228487
201905,Visa_mfinanciacion_limite,4781,4781,0,3.758588701435512,3.758588701435512,373,373,0,0.29323438310718386,0.29323438310718386
201905,Visa_Fvencimiento,4781,4781,0,3.758588701435512,3.758588701435512,0,0,0,0.0,0.0
201905,Visa_Finiciomora,126205,126205,0,99.21620729233817,99.21620729233817,0,0,0,0.0,0.0
201905,Visa_msaldototal,4781,4781,0,3.758588701435512,3.758588701435512,12090,12090,0,9.504567538246254,9.504567538246254
201905,Visa_msaldopesos,4781,4781,0,3.758588701435512,3.758588701435512,12329,12329,0,9.692457665759973,9.692457665759973
201905,Visa_msaldodolares,4781,4781,0,3.758588701435512,3.758588701435512,100805,100805,0,79.24796779924844,79.24796779924844
201905,Visa_mconsumospesos,16459,16459,0,12.939261961289917,12.939261961289917,7451,7451,0,5.857612301693369,5.857612301693369
201905,Visa_mconsumosdolares,16459,16459,0,12.939261961289917,12.939261961289917,54937,54937,0,43.18878633983742,43.18878633983742
201905,Visa_mlimitecompra,4781,4781,0,3.758588701435512,3.758588701435512,0,0,0,0.0,0.0
201905,Visa_madelantopesos,16459,16459,0,12.939261961289917,12.939261961289917,109678,109678,0,86.22348705209038,86.22348705209038
201905,Visa_madelantodolares,16459,16459,0,12.939261961289917,12.939261961289917,110659,110659,0,86.99470134117388,86.99470134117388
201905,Visa_fultimo_cierre,4793,4793,0,3.768022515369255,3.768022515369255,0,0,0,0.0,0.0
201905,Visa_mpagado,4781,4781,0,3.758588701435512,3.758588701435512,111641,111641,0,87.76670178141853,87.76670178141853
201905,Visa_mpagospesos,16459,16459,0,12.939261961289917,12.939261961289917,2961,2961,0,2.32779358815113,2.32779358815113
201905,Visa_mpagosdolares,16459,16459,0,12.939261961289917,12.939261961289917,93849,93849,0,73.77950032232198,73.77950032232198
201905,Visa_fechaalta,4781,4781,0,3.758588701435512,3.758588701435512,0,0,0,0.0,0.0
201905,Visa_mconsumototal,16459,16459,0,12.939261961289917,12.939261961289917,7451,7451,0,5.857612301693369,5.857612301693369
201905,Visa_cconsumos,16459,16459,0,12.939261961289917,12.939261961289917,7440,7440,0,5.848964638920772,5.848964638920772
201905,Visa_cadelantosefectivo,16459,16459,0,12.939261961289917,12.939261961289917,109678,109678,0,86.22348705209038,86.22348705209038
201905,Visa_mpagominimo,4781,4781,0,3.758588701435512,3.758588701435512,18299,18299,0,14.385780097797204,14.385780097797204
201910,active_quarter,0,0,0,0.0,0.0,1769,1769,0,1.300639658848614,1.300639658848614
201910,cliente_vip,0,0,0,0.0,0.0,135090,135090,0,99.32357914859202,99.32357914859202
201910,internet,0,0,0,0.0,0.0,12586,12586,0,9.253731343283581,9.253731343283581
201910,cliente_edad,0,0,0,0.0,0.0,0,0,0,0.0,0.0
201910,cliente_antiguedad,0,0,0,0.0,0.0,0,0,0,0.0,0.0
201910,mrentabilidad,0,0,0,0.0,0.0,136010,136010,0,100.0,100.0
201910,mrentabilidad_annual,0,0,0,0.0,0.0,136010,136010,0,100.0,100.0
201910,mcomisiones,0,0,0,0.0,0.0,136010,136010,0,100.0,100.0
201910,mactivos_margen,0,0,0,0.0,0.0,136010,136010,0,100.0,100.0
201910,mpasivos_margen,0,0,0,0.0,0.0,136010,136010,0,100.0,100.0
201910,cproductos,0,0,0,0.0,0.0,0,0,0,0.0,0.0
201910,tcuentas,0,0,0,0.0,0.0,0,0,0,0.0,0.0
201910,ccuenta_corriente,0,0,0,0.0,0.0,0,0,0,0.0,0.0
201910,mcuenta_corriente_adicional,0,0,0,0.0,0.0,135930,135930,0,99.94118079552975,99.94118079552975
201910,mcuenta_corriente,0,0,0,0.0,0.0,61762,61762,0,45.40989633115212,45.40989633115212
201910,ccaja_ahorro,0,0,0,0.0,0.0,0,0,0,0.0,0.0
201910,mcaja_ahorro,0,0,0,0.0,0.0,9413,9413,0,6.920814645981913,6.920814645981913
201910,mcaja_ahorro_adicional,0,0,0,0.0,0.0,132973,132973,0,97.76707595029777,97.76707595029777
201910,mcaja_ahorro_dolares,0,0,0,0.0,0.0,56799,56799,0,41.7608999338284,41.7608999338284
201910,cdescubierto_preacordado,0,0,0,0.0,0.0,5528,5528,0,4.0644070288949345,4.0644070288949345
201910,mcuentas_saldo,0,0,0,0.0,0.0,1069,1069,0,0.7859716197338431,0.7859716197338431
201910,ctarjeta_debito,0,0,0,0.0,0.0,68,68,0,0.04999632379972061,0.04999632379972061
201910,ctarjeta_debito_transacciones,0,0,0,0.0,0.0,46173,46173,0,33.948239100066175,33.948239100066175
201910,mautoservicio,0,0,0,0.0,0.0,46173,46173,0,33.948239100066175,33.948239100066175
201910,ctarjeta_visa,0,0,0,0.0,0.0,5725,5725,0,4.209249319902948,4.209249319902948
201910,ctarjeta_visa_transacciones,0,0,0,0.0,0.0,19863,19863,0,14.604073229909565,14.604073229909565
201910,mtarjeta_visa_consumo,0,0,0,0.0,0.0,19863,19863,0,14.604073229909565,14.604073229909565
201910,ctarjeta_master,0,0,0,0.0,0.0,16931,16931,0,12.448349386074554,12.448349386074554
201910,ctarjeta_master_transacciones,0,0,0,0.0,0.0,85335,85335,0,62.74171016836997,62.74171016836997
201910,mtarjeta_master_consumo,0,0,0,0.0,0.0,85335,85335,0,62.74171016836997,62.74171016836997
201910,cprestamos_prendarios,0,0,0,0.0,0.0,134206,134206,0,98.67362693919564,98.67362693919564
201910,mprestamos_prendarios,0,0,0,0.0,0.0,134207,134207,0,98.67436217925153,98.67436217925153
201910,cprestamos_hipotecarios,0,0,0,0.0,0.0,134123,134123,0,98.61260201455775,98.61260201455775
201910,mprestamos_hipotecarios,0,0,0,0.0,0.0,134123,134123,0,98.61260201455775,98.61260201455775
201910,cplazo_fijo,0,0,0,0.0,0.0,123074,123074,0,90.48893463715903,90.48893463715903
201910,mplazo_fijo_dolares,0,0,0,0.0,0.0,123345,123345,0,90.68818469230203,90.68818469230203
201910,mplazo_fijo_pesos,0,0,0,0.0,0.0,135481,135481,0,99.6110580104404,99.6110580104404
201910,cinversion1,0,0,0,0.0,0.0,131873,131873,0,96.9583118888317,96.9583118888317
201910,minversion1_pesos,0,0,0,0.0,0.0,132427,132427,0,97.36563487978825,97.36563487978825
201910,minversion1_dolares,0,0,0,0.0,0.0,135073,135073,0,99.31108006764208,99.31108006764208
201910,cinversion2,0,0,0,0.0,0.0,130626,130626,0,96.04146753915153,96.04146753915153
201910,minversion2,0,0,0,0.0,0.0,130627,130627,0,96.04220277920741,96.04220277920741
201910,cseguro_vida,0,0,0,0.0,0.0,109220,109220,0,80.30291890302183,80.30291890302183
201910,cseguro_auto,0,0,0,0.0,0.0,133209,133209,0,97.94059260348504,97.94059260348504
201910,cseguro_vivienda,0,0,0,0.0,0.0,117258,117258,0,86.21277847217117,86.21277847217117
201910,cseguro_accidentes_personales,0,0,0,0.0,0.0,111379,111379,0,81.89030218366297,81.89030218366297
201910,ccaja_seguridad,0,0,0,0.0,0.0,125538,125538,0,92.30056613484302,92.30056613484302
201910,cpayroll_trx,0,0,0,0.0,0.0,69001,69001,0,50.73229909565473,50.73229909565473
201910,mpayroll,0,0,0,0.0,0.0,69001,69001,0,50.73229909565473,50.73229909565473
201910,mpayroll2,0,0,0,0.0,0.0,135655,135655,0,99.73898978016322,99.73898978016322
201910,cpayroll2_trx,0,0,0,0.0,0.0,135651,135651,0,99.73604881993971,99.73604881993971
201910,ccuenta_debitos_automaticos,0,0,0,0.0,0.0,69519,69519,0,51.11315344459966,51.11315344459966
201910,mcuenta_debitos_automaticos,0,0,0,0.0,0.0,69519,69519,0,51.11315344459966,51.11315344459966
201910,ctarjeta_visa_debitos_automaticos,0,0,0,0.0,0.0,45294,45294,0,33.301963090949194,33.301963090949194
201910,mttarjeta_visa_debitos_automaticos,0,0,0,0.0,0.0,45294,45294,0,33.301963090949194,33.301963090949194
201910,ctarjeta_master_debitos_automaticos,0,0,0,0.0,0.0,111278,111278,0,81.81604293801927,81.81604293801927
201910,mttarjeta_master_debitos_automaticos,0,0,0,0.0,0.0,111278,111278,0,81.81604293801927,81.81604293801927
201910,cpagodeservicios,0,0,0,0.0,0.0,133356,133356,0,98.04867289169914,98.04867289169914
201910,mpagodeservicios,0,0,0,0.0,0.0,133356,133356,0,98.04867289169914,98.04867289169914
201910,cpagomiscuentas,0,0,0,0.0,0.0,72350,72350,0,53.19461804279097,53.19461804279097
201910,mpagomiscuentas,0,0,0,0.0,0.0,72350,72350,0,53.19461804279097,53.19461804279097
201910,ccajeros_propios_descuentos,0,0,0,0.0,0.0,136010,136010,0,100.0,100.0
201910,mcajeros_propios_descuentos,0,0,0,0.0,0.0,136010,136010,0,100.0,100.0
201910,ctarjeta_visa_descuentos,0,0,0,0.0,0.0,136010,136010,0,100.0,100.0
201910,mtarjeta_visa_descuentos,0,0,0,0.0,0.0,136010,136010,0,100.0,100.0
201910,ctarjeta_master_descuentos,0,0,0,0.0,0.0,136010,136010,0,100.0,100.0
201910,mtarjeta_master_descuentos,0,0,0,0.0,0.0,136010,136010,0,100.0,100.0
201910,ccomisiones_mantenimiento,0,0,0,0.0,0.0,90700,90700,0,66.68627306815675,66.68627306815675
201910,mcomisiones_mantenimiento,0,0,0,0.0,0.0,91329,91329,0,67.14873906330416,67.14873906330416
201910,ccomisiones_otras,0,0,0,0.0,0.0,136010,136010,0,100.0,100.0
201910,mcomisiones_otras,0,0,0,0.0,0.0,136010,136010,0,100.0,100.0
201910,cforex,0,0,0,0.0,0.0,97312,97312,0,71.5476803176237,71.5476803176237
201910,cforex_buy,0,0,0,0.0,0.0,129198,129198,0,94.9915447393574,94.9915447393574
201910,mforex_buy,0,0,0,0.0,0.0,129198,129198,0,94.9915447393574,94.9915447393574
201910,cforex_sell,0,0,0,0.0,0.0,101634,101634,0,74.72538783912948,74.72538783912948
201910,mforex_sell,0,0,0,0.0,0.0,101634,101634,0,74.72538783912948,74.72538783912948
201910,ctransferencias_recibidas,0,0,0,0.0,0.0,57179,57179,0,42.04029115506213,42.04029115506213
201910,mtransferencias_recibidas,0,0,0,0.0,0.0,57179,57179,0,42.04029115506213,42.04029115506213
201910,ctransferencias_emitidas,0,0,0,0.0,0.0,83905,83905,0,61.69031688846408,61.69031688846408
201910,mtransferencias_emitidas,0,0,0,0.0,0.0,83905,83905,0,61.69031688846408,61.69031688846408
201910,cextraccion_autoservicio,0,0,0,0.0,0.0,60393,60393,0,44.40335269465481,44.40335269465481
201910,mextraccion_autoservicio,0,0,0,0.0,0.0,60393,60393,0,44.40335269465481,44.40335269465481
201910,ccheques_depositados,0,0,0,0.0,0.0,127730,127730,0,93.91221233732814,93.91221233732814
201910,mcheques_depositados,0,0,0,0.0,0.0,127730,127730,0,93.91221233732814,93.91221233732814
201910,ccheques_emitidos,0,0,0,0.0,0.0,130377,130377,0,95.85839276523785,95.85839276523785
201910,mcheques_emitidos,0,0,0,0.0,0.0,130377,130377,0,95.85839276523785,95.85839276523785
201910,ccheques_depositados_rechazados,0,0,0,0.0,0.0,135438,135438,0,99.57944268803764,99.57944268803764
201910,mcheques_depositados_rechazados,0,0,0,0.0,0.0,135438,135438,0,99.57944268803764,99.57944268803764
201910,ccheques_emitidos_rechazados,0,0,0,0.0,0.0,135590,135590,0,99.69119917653114,99.69119917653114
201910,mcheques_emitidos_rechazados,0,0,0,0.0,0.0,135590,135590,0,99.69119917653114,99.69119917653114
201910,tcallcenter,0,0,0,0.0,0.0,113639,113639,0,83.5519447099478,83.5519447099478
201910,ccallcenter_transacciones,0,0,0,0.0,0.0,113639,113639,0,83.5519447099478,83.5519447099478
201910,thomebanking,0,0,0,0.0,0.0,31174,31174,0,22.920373501948387,22.920373501948387
201910,chomebanking_transacciones,0,0,0,0.0,0.0,136010,136010,0,100.0,100.0
201910,ccajas_transacciones,0,0,0,0.0,0.0,90996,90996,0,66.90390412469671,66.90390412469671
201910,ccajas_consultas,0,0,0,0.0,0.0,115809,115809,0,85.14741563120359,85.14741563120359
201910,ccajas_depositos,0,0,0,0.0,0.0,118931,118931,0,87.44283508565546,87.44283508565546
201910,ccajas_extracciones,0,0,0,0.0,0.0,104582,104582,0,76.89287552385854,76.89287552385854
201910,ccajas_otras,0,0,0,0.0,0.0,129312,129312,0,95.07536210572752,95.07536210572752
201910,catm_trx,0,0,0,0.0,0.0,71097,71097,0,52.273362252775534,52.273362252775534
201910,matm,0,0,0,0.0,0.0,71097,71097,0,52.273362252775534,52.273362252775534
201910,catm_trx_other,0,0,0,0.0,0.0,95213,95213,0,70.00441144033528,70.00441144033528
201910,matm_other,0,0,0,0.0,0.0,95213,95213,0,70.00441144033528,70.00441144033528
201910,ctrx_quarter,0,0,0,0.0,0.0,950,950,0,0.6984780530843321,0.6984780530843321
201910,tmobile_app,0,0,0,0.0,0.0,60126,60126,0,44.207043599735314,44.207043599735314
201910,cmobile_app_trx,0,0,0,0.0,0.0,60555,60555,0,44.52246158370708,44.52246158370708
201910,Master_delinquency,16460,16460,0,12.1020513197559,12.1020513197559,118984,118984,0,87.48180280861702,87.48180280861702
201910,Master_status,16460,16460,0,12.1020513197559,12.1020513197559,119073,119073,0,87.54723917359017,87.54723917359017
201910,Master_mfinanciacion_limite,16460,16460,0,12.1020513197559,12.1020513197559,243,243,0,0.17866333357841335,0.17866333357841335
201910,Master_Fvencimiento,16460,16460,0,12.1020513197559,12.1020513197559,0,0,0,0.0,0.0
201910,Master_Finiciomora,135444,135444,0,99.58385412837292,99.58385412837292,0,0,0,0.0,0.0
201910,Master_msaldototal,16460,16460,0,12.1020513197559,12.1020513197559,63263,63263,0,46.51349165502537,46.51349165502537
201910,Master_msaldopesos,16460,16460,0,12.1020513197559,12.1020513197559,63996,63996,0,47.05242261598412,47.05242261598412
201910,Master_msaldodolares,16460,16460,0,12.1020513197559,12.1020513197559,112002,112002,0,82.34835673847512,82.34835673847512
201910,Master_mconsumospesos,80761,80761,0,59.378722152782885,59.378722152782885,12780,12780,0,9.396367914123962,9.396367914123962
201910,Master_mconsumosdolares,80761,80761,0,59.378722152782885,59.378722152782885,48220,48220,0,35.45327549444894,35.45327549444894
201910,Master_mlimitecompra,16460,16460,0,12.1020513197559,12.1020513197559,0,0,0,0.0,0.0
201910,Master_madelantopesos,80761,80761,0,59.378722152782885,59.378722152782885,54664,54664,0,40.19116241452834,40.19116241452834
201910,Master_madelantodolares,80761,80761,0,59.378722152782885,59.378722152782885,55226,55226,0,40.60436732593192,40.60436732593192
201910,Master_fultimo_cierre,16528,16528,0,12.15204764355562,12.15204764355562,0,0,0,0.0,0.0
201910,Master_mpagado,16460,16460,0,12.1020513197559,12.1020513197559,113082,113082,0,83.14241599882362,83.14241599882362
201910,Master_mpagospesos,80761,80761,0,59.378722152782885,59.378722152782885,6086,6086,0,4.474670980074994,4.474670980074994
201910,Master_mpagosdolares,80761,80761,0,59.378722152782885,59.378722152782885,50901,50901,0,37.424454084258514,37.424454084258514
201910,Master_fechaalta,16460,16460,0,12.1020513197559,12.1020513197559,0,0,0,0.0,0.0
201910,Master_mconsumototal,80761,80761,0,59.378722152782885,59.378722152782885,12780,12780,0,9.396367914123962,9.396367914123962
201910,Master_cconsumos,80761,80761,0,59.378722152782885,59.378722152782885,12780,12780,0,9.396367914123962,9.396367914123962
201910,Master_cadelantosefectivo,80761,80761,0,59.378722152782885,59.378722152782885,54664,54664,0,40.19116241452834,40.19116241452834
201910,Master_mpagominimo,16460,16460,0,12.1020513197559,12.1020513197559,71057,71057,0,52.2439526505404,52.2439526505404
201910,Visa_delinquency,5155,5155,0,3.7901624880523492,3.7901624880523492,129951,129951,0,95.54518050143372,95.54518050143372
201910,Visa_status,5155,5155,0,3.7901624880523492,3.7901624880523492,130267,130267,0,95.77751635909124,95.77751635909124
201910,Visa_mfinanciacion_limite,5155,5155,0,3.7901624880523492,3.7901624880523492,302,302,0,0.22204249687522976,0.22204249687522976
201910,Visa_Fvencimiento,5155,5155,0,3.7901624880523492,3.7901624880523492,0,0,0,0.0,0.0
201910,Visa_Finiciomora,135106,135106,0,99.33534298948607,99.33534298948607,0,0,0,0.0,0.0
201910,Visa_msaldototal,5155,5155,0,3.7901624880523492,3.7901624880523492,12723,12723,0,9.354459230938902,9.354459230938902
201910,Visa_msaldopesos,5155,5155,0,3.7901624880523492,3.7901624880523492,12952,12952,0,9.52282920373502,9.52282920373502
201910,Visa_msaldodolares,5155,5155,0,3.7901624880523492,3.7901624880523492,105833,105833,0,77.81266083376222,77.81266083376222
201910,Visa_mconsumospesos,17683,17683,0,13.001249908094993,13.001249908094993,7783,7783,0,5.722373354900375,5.722373354900375
201910,Visa_mconsumosdolares,17683,17683,0,13.001249908094993,13.001249908094993,55969,55969,0,41.15065068744945,41.15065068744945
201910,Visa_mlimitecompra,5155,5155,0,3.7901624880523492,3.7901624880523492,0,0,0,0.0,0.0
201910,Visa_madelantopesos,17683,17683,0,13.001249908094993,13.001249908094993,117223,117223,0,86.18704507021542,86.18704507021542
201910,Visa_madelantodolares,17683,17683,0,13.001249908094993,13.001249908094993,118230,118230,0,86.92743180648482,86.92743180648482
201910,Visa_fultimo_cierre,5202,5202,0,3.8247187706786265,3.8247187706786265,0,0,0,0.0,0.0
201910,Visa_mpagado,5155,5155,0,3.7901624880523492,3.7901624880523492,118335,118335,0,87.00463201235203,87.00463201235203
201910,Visa_mpagospesos,17683,17683,0,13.001249908094993,13.001249908094993,3925,3925,0,2.8858172193221088,2.8858172193221088
201910,Visa_mpagosdolares,17683,17683,0,13.001249908094993,13.001249908094993,99184,99184,0,72.92404970222778,72.92404970222778
201910,Visa_fechaalta,5155,5155,0,3.7901624880523492,3.7901624880523492,0,0,0,0.0,0.0
201910,Visa_mconsumototal,17683,17683,0,13.001249908094993,13.001249908094993,7783,7783,0,5.722373354900375,5.722373354900375
201910,Visa_cconsumos,17683,17683,0,13.001249908094993,13.001249908094993,7776,7776,0,5.717226674509227,5.717226674509227
201910,Visa_cadelantosefectivo,17683,17683,0,13.001249908094993,13.001249908094993,117223,117223,0,86.18704507021542,86.18704507021542
201910,Visa_mpagominimo,5155,5155,0,3.7901624880523492,3.7901624880523492,19221,19221,0,14.132049114035732,14.132049114035732
202006,active_quarter,0,717,717,0.0,0.4683152408198456,153102,0,-153102,100.0,0.0
202006,cliente_vip,0,0,0,0.0,0.0,152661,33098,-119563,99.71195673472587,21.61826756018863
202006,internet,0,152385,152385,0.0,99.53168475918015,153102,0,-153102,100.0,0.0
202006,cliente_edad,0,0,0,0.0,0.0,87,87,0,0.05682486185680135,0.05682486185680135
202006,cliente_antiguedad,0,0,0,0.0,0.0,0,0,0,0.0,0.0
202006,mrentabilidad,0,0,0,0.0,0.0,153102,0,-153102,100.0,0.0
202006,mrentabilidad_annual,0,0,0,0.0,0.0,153102,0,-153102,100.0,0.0
202006,mcomisiones,0,0,0,0.0,0.0,153102,0,-153102,100.0,0.0
202006,mactivos_margen,0,0,0,0.0,0.0,153102,0,-153102,100.0,0.0
202006,mpasivos_margen,0,0,0,0.0,0.0,153102,0,-153102,100.0,0.0
202006,cproductos,0,0,0,0.0,0.0,0,0,0,0.0,0.0
202006,tcuentas,0,0,0,0.0,0.0,0,0,0,0.0,0.0
202006,ccuenta_corriente,0,0,0,0.0,0.0,0,0,0,0.0,0.0
202006,mcuenta_corriente_adicional,0,0,0,0.0,0.0,153018,0,-153018,99.94513461613826,0.0
202006,mcuenta_corriente,0,0,0,0.0,0.0,83772,83772,0,54.71646353411451,54.71646353411451
202006,ccaja_ahorro,0,0,0,0.0,0.0,0,0,0,0.0,0.0
202006,mcaja_ahorro,0,0,0,0.0,0.0,9850,9850,0,6.433619417120612,6.433619417120612
202006,mcaja_ahorro_adicional,0,0,0,0.0,0.0,148363,0,-148363,96.90467792713355,0.0
202006,mcaja_ahorro_dolares,0,0,0,0.0,0.0,60414,60414,0,39.45996786456088,39.45996786456088
202006,cdescubierto_preacordado,0,0,0,0.0,0.0,5738,5738,0,3.7478282452221396,3.7478282452221396
202006,mcuentas_saldo,0,0,0,0.0,0.0,153102,0,-153102,100.0,0.0
202006,ctarjeta_debito,0,0,0,0.0,0.0,93,93,0,0.06074381784692558,0.06074381784692558
202006,ctarjeta_debito_transacciones,0,152385,152385,0.0,99.53168475918015,153102,0,-153102,100.0,0.0
202006,mautoservicio,0,0,0,0.0,0.0,153102,0,-153102,100.0,0.0
202006,ctarjeta_visa,0,0,0,0.0,0.0,6832,6832,0,4.462384554088124,4.462384554088124
202006,ctarjeta_visa_transacciones,0,152385,152385,0.0,99.53168475918015,153102,0,-153102,100.0,0.0
202006,mtarjeta_visa_consumo,0,0,0,0.0,0.0,153102,0,-153102,100.0,0.0
202006,ctarjeta_master,0,0,0,0.0,0.0,16589,16589,0,10.83526015336181,10.83526015336181
202006,ctarjeta_master_transacciones,0,717,717,0.0,0.4683152408198456,153102,0,-153102,100.0,0.0
202006,mtarjeta_master_consumo,0,0,0,0.0,0.0,153102,0,-153102,100.0,0.0
202006,cprestamos_prendarios,0,0,0,0.0,0.0,149559,0,-149559,97.68585648783164,0.0
202006,mprestamos_prendarios,0,0,0,0.0,0.0,149559,0,-149559,97.68585648783164,0.0
202006,cprestamos_hipotecarios,0,0,0,0.0,0.0,149312,0,-149312,97.52452613290487,0.0
202006,mprestamos_hipotecarios,0,0,0,0.0,0.0,149312,0,-149312,97.52452613290487,0.0
202006,cplazo_fijo,0,0,0,0.0,0.0,133973,3,-133970,87.50571514415226,0.0019594779950621154
202006,mplazo_fijo_dolares,0,0,0,0.0,0.0,134185,0,-134185,87.64418492246999,0.0
202006,mplazo_fijo_pesos,0,0,0,0.0,0.0,152491,0,-152491,99.60091964833902,0.0
202006,cinversion1,0,0,0,0.0,0.0,148122,18,-148104,96.74726652819689,0.011756867970372693
202006,minversion1_pesos,0,0,0,0.0,0.0,148535,0,-148535,97.01702133218377,0.0
202006,minversion1_dolares,0,0,0,0.0,0.0,152389,0,-152389,99.5342973965069,0.0
202006,cinversion2,0,0,0,0.0,0.0,148176,0,-148176,96.782537132108,0.0
202006,minversion2,0,0,0,0.0,0.0,148183,0,-148183,96.78710924742983,0.0
202006,cseguro_vida,0,0,0,0.0,0.0,132870,23,-132847,86.7852804013011,0.015022664628809551
202006,cseguro_auto,0,0,0,0.0,0.0,149886,0,-149886,97.89943958929341,0.0
202006,cseguro_vivienda,0,0,0,0.0,0.0,132400,0,-132400,86.47829551540804,0.0
202006,cseguro_accidentes_personales,0,0,0,0.0,0.0,128109,0,-128109,83.67558882313752,0.0
202006,ccaja_seguridad,0,0,0,0.0,0.0,142392,0,-142392,93.00466355762825,0.0
202006,cpayroll_trx,0,0,0,0.0,0.0,74872,74872,0,48.9033454820969,48.9033454820969
202006,mpayroll,0,0,0,0.0,0.0,75827,75827,0,49.527112643858345,49.527112643858345
202006,mpayroll2,0,0,0,0.0,0.0,152952,0,-152952,99.9020261002469,0.0
202006,cpayroll2_trx,0,0,0,0.0,0.0,152952,1,-152951,99.9020261002469,0.0006531593316873718
202006,ccuenta_debitos_automaticos,0,0,0,0.0,0.0,80872,80872,0,52.822301472221135,52.822301472221135
202006,mcuenta_debitos_automaticos,0,0,0,0.0,0.0,80872,80872,0,52.822301472221135,52.822301472221135
202006,ctarjeta_visa_debitos_automaticos,0,0,0,0.0,0.0,56143,56143,0,36.67032435892411,36.67032435892411
202006,mttarjeta_visa_debitos_automaticos,0,0,0,0.0,0.0,56143,56143,0,36.67032435892411,36.67032435892411
202006,ctarjeta_master_debitos_automaticos,0,0,0,0.0,0.0,128182,3,-128179,83.7232694543507,0.0019594779950621154
202006,mttarjeta_master_debitos_automaticos,0,0,0,0.0,0.0,128182,0,-128182,83.7232694543507,0.0
202006,cpagodeservicios,0,0,0,0.0,0.0,151403,0,-151403,98.89028229546315,0.0
202006,mpagodeservicios,0,0,0,0.0,0.0,151403,0,-151403,98.89028229546315,0.0
202006,cpagomiscuentas,0,0,0,0.0,0.0,81033,81033,0,52.9274601246228,52.9274601246228
202006,mpagomiscuentas,0,0,0,0.0,0.0,81033,81033,0,52.9274601246228,52.9274601246228
202006,ccajeros_propios_descuentos,0,717,717,0.0,0.4683152408198456,153102,0,-153102,100.0,0.0
202006,mcajeros_propios_descuentos,0,0,0,0.0,0.0,153102,0,-153102,100.0,0.0
202006,ctarjeta_visa_descuentos,0,717,717,0.0,0.4683152408198456,153102,0,-153102,100.0,0.0
202006,mtarjeta_visa_descuentos,0,0,0,0.0,0.0,153102,0,-153102,100.0,0.0
202006,ctarjeta_master_descuentos,0,152385,152385,0.0,99.53168475918015,153102,0,-153102,100.0,0.0
202006,mtarjeta_master_descuentos,0,0,0,0.0,0.0,153102,0,-153102,100.0,0.0
202006,ccomisiones_mantenimiento,0,0,0,0.0,0.0,110441,110441,0,72.13556975088503,72.13556975088503
202006,mcomisiones_mantenimiento,0,0,0,0.0,0.0,110712,110712,0,72.31257592977231,72.31257592977231
202006,ccomisiones_otras,0,152385,152385,0.0,99.53168475918015,153102,0,-153102,100.0,0.0
202006,mcomisiones_otras,0,0,0,0.0,0.0,153102,0,-153102,100.0,0.0
202006,cforex,0,0,0,0.0,0.0,104625,104625,0,68.33679507779128,68.33679507779128
202006,cforex_buy,0,0,0,0.0,0.0,152391,0,-152391,99.53560371517028,0.0
202006,mforex_buy,0,0,0,0.0,0.0,152391,0,-152391,99.53560371517028,0.0
202006,cforex_sell,0,0,0,0.0,0.0,105092,105092,0,68.64182048568928,68.64182048568928
202006,mforex_sell,0,0,0,0.0,0.0,105092,105092,0,68.64182048568928,68.64182048568928
202006,ctransferencias_recibidas,0,0,0,0.0,0.0,37347,37347,0,24.393541560528273,24.393541560528273
202006,mtransferencias_recibidas,0,0,0,0.0,0.0,37347,37347,0,24.393541560528273,24.393541560528273
202006,ctransferencias_emitidas,0,0,0,0.0,0.0,68764,68764,0,44.91384828415043,44.91384828415043
202006,mtransferencias_emitidas,0,0,0,0.0,0.0,68764,68764,0,44.91384828415043,44.91384828415043
202006,cextraccion_autoservicio,0,152385,152385,0.0,99.53168475918015,153102,0,-153102,100.0,0.0
202006,mextraccion_autoservicio,0,0,0,0.0,0.0,153102,0,-153102,100.0,0.0
202006,ccheques_depositados,0,717,717,0.0,0.4683152408198456,153102,0,-153102,100.0,0.0
202006,mcheques_depositados,0,0,0,0.0,0.0,153102,0,-153102,100.0,0.0
202006,ccheques_emitidos,0,152385,152385,0.0,99.53168475918015,153102,0,-153102,100.0,0.0
202006,mcheques_emitidos,0,0,0,0.0,0.0,153102,0,-153102,100.0,0.0
202006,ccheques_depositados_rechazados,0,717,717,0.0,0.4683152408198456,153102,0,-153102,100.0,0.0
202006,mcheques_depositados_rechazados,0,0,0,0.0,0.0,153102,0,-153102,100.0,0.0
202006,ccheques_emitidos_rechazados,0,717,717,0.0,0.4683152408198456,153102,0,-153102,100.0,0.0
202006,mcheques_emitidos_rechazados,0,0,0,0.0,0.0,153102,0,-153102,100.0,0.0
202006,tcallcenter,0,152385,152385,0.0,99.53168475918015,153102,0,-153102,100.0,0.0
202006,ccallcenter_transacciones,0,717,717,0.0,0.4683152408198456,153102,0,-153102,100.0,0.0
202006,thomebanking,0,152385,152385,0.0,99.53168475918015,153102,0,-153102,100.0,0.0
202006,chomebanking_transacciones,0,152385,152385,0.0,99.53168475918015,153102,0,-153102,100.0,0.0
202006,ccajas_transacciones,0,152385,152385,0.0,99.53168475918015,153102,0,-153102,100.0,0.0
202006,ccajas_consultas,0,717,717,0.0,0.4683152408198456,153102,0,-153102,100.0,0.0
202006,ccajas_depositos,0,717,717,0.0,0.4683152408198456,153102,0,-153102,100.0,0.0
202006,ccajas_extracciones,0,717,717,0.0,0.4683152408198456,153102,0,-153102,100.0,0.0
202006,ccajas_otras,0,152385,152385,0.0,99.53168475918015,153102,0,-153102,100.0,0.0
202006,catm_trx,0,152385,152385,0.0,99.53168475918015,153102,0,-153102,100.0,0.0
202006,matm,0,0,0,0.0,0.0,153102,0,-153102,100.0,0.0
202006,catm_trx_other,0,717,717,0.0,0.4683152408198456,153102,0,-153102,100.0,0.0
202006,matm_other,0,0,0,0.0,0.0,153102,0,-153102,100.0,0.0
202006,ctrx_quarter,0,0,0,0.0,0.0,2474,2474,0,1.615916186594558,1.615916186594558
202006,tmobile_app,0,717,717,0.0,0.4683152408198456,153102,0,-153102,100.0,0.0
202006,cmobile_app_trx,0,152385,152385,0.0,99.53168475918015,153102,0,-153102,100.0,0.0
202006,Master_delinquency,15047,0,-15047,9.828088463899883,0.0,137616,0,-137616,89.88517458948937,0.0
202006,Master_status,15047,0,-15047,9.828088463899883,0.0,136470,0,-136470,89.13665399537564,0.0
202006,Master_mfinanciacion_limite,15047,0,-15047,9.828088463899883,0.0,1111,1111,0,0.7256600175046701,0.7256600175046701
202006,Master_Fvencimiento,15047,14903,-144,9.828088463899883,9.734033520136903,0,0,0,0.0,0.0
202006,Master_Finiciomora,152663,0,-152663,99.71326305338924,0.0,0,8,8,0.0,0.005225274653498975
202006,Master_msaldototal,15047,0,-15047,9.828088463899883,0.0,80356,80356,0,52.48527125707045,52.48527125707045
202006,Master_msaldopesos,15047,0,-15047,9.828088463899883,0.0,80594,80594,0,52.640723178012045,52.640723178012045
202006,Master_msaldodolares,15047,0,-15047,9.828088463899883,0.0,132385,0,-132385,86.46849812543272,0.0
202006,Master_mconsumospesos,96747,0,-96747,63.19120586275816,0.0,14140,14140,0,9.235672950059438,9.235672950059438
202006,Master_mconsumosdolares,96747,0,-96747,63.19120586275816,0.0,51416,51416,0,33.58284019803791,33.58284019803791
202006,Master_mlimitecompra,15047,0,-15047,9.828088463899883,0.0,0,0,0,0.0,0.0
202006,Master_madelantopesos,96747,0,-96747,63.19120586275816,0.0,56111,56111,0,36.64942326031012,36.64942326031012
202006,Master_madelantodolares,96747,0,-96747,63.19120586275816,0.0,56348,56348,0,36.804222021920026,36.804222021920026
202006,Master_fultimo_cierre,15100,144,-14956,9.862705908479315,0.09405494376298154,0,0,0,0.0,0.0
202006,Master_mpagado,15047,0,-15047,9.828088463899883,0.0,130929,0,-130929,85.51749813849591,0.0
202006,Master_mpagospesos,96747,0,-96747,63.19120586275816,0.0,6493,6493,0,4.2409635406461055,4.2409635406461055
202006,Master_mpagosdolares,96747,0,-96747,63.19120586275816,0.0,53145,53145,0,34.71215268252538,34.71215268252538
202006,Master_fechaalta,15047,144,-14903,9.828088463899883,0.09405494376298154,0,0,0,0.0,0.0
202006,Master_mconsumototal,96747,0,-96747,63.19120586275816,0.0,14140,14140,0,9.235672950059438,9.235672950059438
202006,Master_cconsumos,96747,0,-96747,63.19120586275816,0.0,14138,14141,3,9.234366631396062,9.236326109391126
202006,Master_cadelantosefectivo,96747,0,-96747,63.19120586275816,0.0,56111,56384,273,36.64942326031012,36.82773575786077
202006,Master_mpagominimo,15047,0,-15047,9.828088463899883,0.0,90105,90105,0,58.85292158169064,58.85292158169064
202006,Visa_delinquency,4994,0,-4994,3.2618777024467347,0.0,147429,5720,-141709,96.29462711133753,3.7360713772517666
202006,Visa_status,4994,0,-4994,3.2618777024467347,0.0,146152,72,-146080,95.46054264477277,0.04702747188149077
202006,Visa_mfinanciacion_limite,4994,0,-4994,3.2618777024467347,0.0,1310,1310,0,0.8556387245104571,0.8556387245104571
202006,Visa_Fvencimiento,4994,83,-4911,3.2618777024467347,0.05421222453005186,0,0,0,0.0,0.0
202006,Visa_Finiciomora,152423,0,-152423,99.55650481378427,0.0,0,3,3,0.0,0.0019594779950621154
202006,Visa_msaldototal,4994,0,-4994,3.2618777024467347,0.0,17838,17838,0,11.651056158639339,11.651056158639339
202006,Visa_msaldopesos,4994,0,-4994,3.2618777024467347,0.0,17905,17905,0,11.694817833862393,11.694817833862393
202006,Visa_msaldodolares,4994,0,-4994,3.2618777024467347,0.0,124941,0,-124941,81.60638006035192,0.0
202006,Visa_mconsumospesos,22998,0,-22998,15.021358310146177,0.0,10765,10765,0,7.031260205614558,7.031260205614558
202006,Visa_mconsumosdolares,22998,0,-22998,15.021358310146177,0.0,63001,63001,0,41.14969105563611,41.14969105563611
202006,Visa_mlimitecompra,4994,0,-4994,3.2618777024467347,0.0,0,0,0,0.0,0.0
202006,Visa_madelantopesos,22998,0,-22998,15.021358310146177,0.0,129671,0,-129671,84.69582369923319,0.0
202006,Visa_madelantodolares,22998,0,-22998,15.021358310146177,0.0,130077,0,-130077,84.96100638789827,0.0
202006,Visa_fultimo_cierre,5024,83,-4941,3.2814724823973562,0.05421222453005186,0,0,0,0.0,0.0
202006,Visa_mpagado,4994,0,-4994,3.2618777024467347,0.0,132918,0,-132918,86.8166320492221,0.0
202006,Visa_mpagospesos,22998,0,-22998,15.021358310146177,0.0,6430,6430,0,4.199814502749801,4.199814502749801
202006,Visa_mpagosdolares,22998,0,-22998,15.021358310146177,0.0,115997,115997,0,75.76452299774007,75.76452299774007
202006,Visa_fechaalta,4994,83,-4911,3.2618777024467347,0.05421222453005186,0,0,0,0.0,0.0
202006,Visa_mconsumototal,22998,0,-22998,15.021358310146177,0.0,10765,10765,0,7.031260205614558,7.031260205614558
202006,Visa_cconsumos,22998,0,-22998,15.021358310146177,0.0,10760,10760,0,7.027994408956121,7.027994408956121
202006,Visa_cadelantosefectivo,22998,0,-22998,15.021358310146177,0.0,129671,0,-129671,84.69582369923319,0.0
202006,Visa_mpagominimo,4994,0,-4994,3.2618777024467347,0.0,31375,31375,0,20.49287403169129,20.49287403169129
